candidate_id,smiles,parent_ids,generation_method,validity_status,qed,esol,pains_alert_count,pains_flag,molecular_weight,logp,h_bond_donors,h_bond_acceptors,rotatable_bonds
GEN_4E89AE4A,Clc1cccc(-c2ncnc3ccc(N/N=N/CCN4CCOCC4)cc23)c1,CHEMBL133024;CHEMBL136491;CHEMBL137364;CHEMBL302552;CHEMBL443268;CHEMBL69960,BRICS,VALID,0.502,-4.886,1,True,396.88,4.062,1,6,6
GEN_7DFC2C4E,Oc1ccc(N(CC/N=N/Nc2ccc3ncnc(-c4cccc(Cl)c4)c3c2)c2cccc(Br)c2)cc1,CHEMBL133024;CHEMBL136491;CHEMBL137364;CHEMBL138125;CHEMBL304271;CHEMBL76589,BRICS,VALID,0.145,-8.493,1,True,573.88,8.036,2,6,8
GEN_5FBA6273,O=[N+]([O-])c1cc(N(CC/N=N/Nc2ccc3ncnc(-c4cccc(Cl)c4)c3c2)c2cccc(Br)c2)ccc1O,CHEMBL133024;CHEMBL136491;CHEMBL137364;CHEMBL138125;CHEMBL304271;CHEMBL309625,BRICS,VALID,0.097,-8.606,1,True,618.88,7.944,2,8,9
GEN_6F0932BC,Fc1ccc(N(CC/N=N/Nc2ccc3ncnc(-c4cccc(Cl)c4)c3c2)c2cccc(Br)c2)cc1Cl,CHEMBL133024;CHEMBL136491;CHEMBL137364;CHEMBL138125;CHEMBL302552;CHEMBL304271;CHEMBL443268;CHEMBL68920;CHEMBL69960,BRICS,VALID,0.141,-9.388,1,True,610.32,9.123,1,5,8
GEN_AD7507D4,O=[N+]([O-])c1ccc(O)cc1N(CC/N=N/Nc1ccc2ncnc(-c3cccc(Cl)c3)c2c1)c1cccc(Br)c1,CHEMBL133024;CHEMBL136491;CHEMBL137364;CHEMBL138125;CHEMBL304271;CHEMBL77085,BRICS,VALID,0.097,-8.606,1,True,618.88,7.944,2,8,9
GEN_DEAD80AD,Cc1cccc(N(CC/N=N/Nc2ccc3ncnc(-c4cccc(Cl)c4)c3c2)c2cccc(Br)c2)c1,CHEMBL133024;CHEMBL136491;CHEMBL137364;CHEMBL138125;CHEMBL304271;CHEMBL336113,BRICS,VALID,0.149,-8.86,1,True,571.91,8.639,1,5,8
GEN_3E5E2910,CN(C)/N=N/c1ccc2ncnc(N(CC/N=N/Nc3ccc4ncnc(-c5cccc(Cl)c5)c4c3)c3cccc(Br)c3)c2c1,CHEMBL133024;CHEMBL136491;CHEMBL137364;CHEMBL138125;CHEMBL304271;CHEMBL344652,BRICS,VALID,0.113,-9.494,1,True,681.0,8.834,1,9,10
GEN_8872F8D3,Cc1cc(C)c(N(CC/N=N/Nc2ccc3ncnc(-c4cccc(Cl)c4)c3c2)c2cccc(Br)c2)[nH]1,CHEMBL133024;CHEMBL136491;CHEMBL137364;CHEMBL138125;CHEMBL304271;CHEMBL68920,BRICS,VALID,0.144,-8.63,1,True,574.91,8.275,2,5,8
GEN_B74C7BB4,C/N=N/Nc1ccc2ncnc(N(CC/N=N/Nc3ccc4ncnc(-c5cccc(Cl)c5)c4c3)c3cccc(Br)c3)c2c1,CHEMBL133024;CHEMBL135592;CHEMBL136491;CHEMBL137364;CHEMBL138125;CHEMBL304271,BRICS,VALID,0.111,-9.323,1,True,666.98,8.682,2,9,10
GEN_94D0C521,Clc1cccc(-c2ncnc3ccc(N/N=N/CCN(c4cccc(Br)c4)c4ccccn4)cc23)c1,CHEMBL133024;CHEMBL136491;CHEMBL137364;CHEMBL137635;CHEMBL138125;CHEMBL304271,BRICS,VALID,0.156,-8.219,1,True,558.87,7.725,1,6,8
GEN_6A65C724,CCN(CC/N=N/Nc1ccc2ncnc(-c3cccc(Cl)c3)c2c1)c1cccc(Br)c1,CHEMBL133024;CHEMBL136491;CHEMBL137364;CHEMBL138125;CHEMBL304271,BRICS,VALID,0.205,-7.403,1,True,509.84,7.018,1,5,8
GEN_14A8BE5D,CN(C)/N=N/c1ccc2ncnc(N(CC/N=N/Nc3ccc4ncnc(-c5cccc(Cl)c5)c4c3)c3ccc(O)cc3)c2c1,CHEMBL133024;CHEMBL136491;CHEMBL137364;CHEMBL304271;CHEMBL344652;CHEMBL76589,BRICS,VALID,0.117,-8.438,1,True,618.11,7.777,2,10,10
GEN_3EF48A25,CN(C)/N=N/c1ccc2ncnc(N(CC/N=N/Nc3ccc4ncnc(-c5cccc(Cl)c5)c4c3)c3ccc(O)c([N+](=O)[O-])c3)c2c1,CHEMBL133024;CHEMBL136491;CHEMBL137364;CHEMBL304271;CHEMBL309625;CHEMBL344652,BRICS,VALID,0.079,-8.56,1,True,663.1,7.685,2,12,11
GEN_BAEC67CD,CN(C)/N=N/c1ccc2ncnc(N(CC/N=N/Nc3ccc4ncnc(-c5cccc(Cl)c5)c4c3)c3ccc(F)c(Cl)c3)c2c1,CHEMBL133024;CHEMBL136491;CHEMBL137364;CHEMBL302552;CHEMBL304271;CHEMBL344652;CHEMBL443268;CHEMBL68920;CHEMBL69960,BRICS,VALID,0.116,-9.337,1,True,654.54,8.864,1,9,10
GEN_FB711F44,CN(C)/N=N/c1ccc2ncnc(N(CC/N=N/Nc3ccc4ncnc(-c5cccc(Cl)c5)c4c3)c3cc(O)ccc3[N+](=O)[O-])c2c1,CHEMBL133024;CHEMBL136491;CHEMBL137364;CHEMBL304271;CHEMBL344652;CHEMBL77085,BRICS,VALID,0.079,-8.56,1,True,663.1,7.685,2,12,11
GEN_8C47FCC8,Cc1cc(C)c(N(CC/N=N/Nc2ccc3ncnc(-c4cccc(Cl)c4)c3c2)c2ncnc3ccc(/N=N/N(C)C)cc23)[nH]1,CHEMBL133024;CHEMBL136491;CHEMBL137364;CHEMBL304271;CHEMBL344652;CHEMBL68920,BRICS,VALID,0.117,-8.579,1,True,619.14,8.016,2,9,10
GEN_BA742E3E,C/N=N/Nc1ccc2ncnc(N(CC/N=N/Nc3ccc4ncnc(-c5cccc(Cl)c5)c4c3)c3ncnc4ccc(/N=N/N(C)C)cc34)c2c1,CHEMBL133024;CHEMBL135592;CHEMBL136491;CHEMBL137364;CHEMBL304271;CHEMBL344652,BRICS,VALID,0.092,-9.276,1,True,711.2,8.423,2,13,12
GEN_C1FE4ECD,CN(C)/N=N/c1ccc2ncnc(N(CC/N=N/Nc3ccc4ncnc(-c5cccc(Cl)c5)c4c3)c3ccccn3)c2c1,CHEMBL133024;CHEMBL136491;CHEMBL137364;CHEMBL137635;CHEMBL138125;CHEMBL304271;CHEMBL344652,BRICS,VALID,0.126,-8.161,1,True,603.09,7.466,1,10,10
GEN_2C3123D4,CCN(CC/N=N/Nc1ccc2ncnc(-c3cccc(Cl)c3)c2c1)c1ncnc2ccc(/N=N/N(C)C)cc12,CHEMBL133024;CHEMBL136491;CHEMBL137364;CHEMBL304271;CHEMBL344652,BRICS,VALID,0.15,-7.355,1,True,554.06,6.759,1,9,10
GEN_F4F0C72E,Cc1cc(C)c(N(CC/N=N/Nc2ccc3ncnc(-c4cccc(Cl)c4)c3c2)c2ccc(O)cc2)[nH]1,CHEMBL133024;CHEMBL136491;CHEMBL137364;CHEMBL304271;CHEMBL68920;CHEMBL76589,BRICS,VALID,0.151,-7.574,1,True,512.02,7.218,3,6,8
GEN_5BF1ACD0,Cc1cc(C)c(N(CC/N=N/Nc2ccc3ncnc(-c4cccc(Cl)c4)c3c2)c2ccc(O)c([N+](=O)[O-])c2)[nH]1,CHEMBL133024;CHEMBL136491;CHEMBL137364;CHEMBL304271;CHEMBL309625;CHEMBL68920,BRICS,VALID,0.099,-7.689,1,True,557.01,7.126,3,8,9
GEN_09DB339C,Cc1cc(C)c(N(CC/N=N/Nc2ccc3ncnc(-c4cccc(Cl)c4)c3c2)c2ccc(F)c(Cl)c2)[nH]1,CHEMBL133024;CHEMBL136491;CHEMBL137364;CHEMBL302552;CHEMBL304271;CHEMBL443268;CHEMBL68920;CHEMBL69960,BRICS,VALID,0.151,-8.47,1,True,548.45,8.305,2,5,8
GEN_3F47252A,Cc1cc(C)c(N(CC/N=N/Nc2ccc3ncnc(-c4cccc(Cl)c4)c3c2)c2cc(O)ccc2[N+](=O)[O-])[nH]1,CHEMBL133024;CHEMBL136491;CHEMBL137364;CHEMBL304271;CHEMBL68920;CHEMBL77085,BRICS,VALID,0.099,-7.689,1,True,557.01,7.126,3,8,9
GEN_F1D9AEBA,C/N=N/Nc1ccc2ncnc(N(CC/N=N/Nc3ccc4ncnc(-c5cccc(Cl)c5)c4c3)c3[nH]c(C)cc3C)c2c1,CHEMBL133024;CHEMBL135592;CHEMBL136491;CHEMBL137364;CHEMBL304271;CHEMBL68920,BRICS,VALID,0.107,-8.408,1,True,605.11,7.865,3,9,10
GEN_52E5EDEB,Cc1cc(C)c(N(CC/N=N/Nc2ccc3ncnc(-c4cccc(Cl)c4)c3c2)c2ccccn2)[nH]1,CHEMBL133024;CHEMBL136491;CHEMBL137364;CHEMBL137635;CHEMBL138125;CHEMBL304271;CHEMBL68920,BRICS,VALID,0.18,-7.3,1,True,497.01,6.908,2,6,8
GEN_CA3B8A9F,CCN(CC/N=N/Nc1ccc2ncnc(-c3cccc(Cl)c3)c2c1)c1[nH]c(C)cc1C,CHEMBL133024;CHEMBL136491;CHEMBL137364;CHEMBL304271;CHEMBL68920,BRICS,VALID,0.249,-6.482,1,True,447.97,6.201,2,5,8
GEN_35D4F42D,Oc1ccc(N(CC/N=N/Nc2ccc3ncnc(-c4cccc(Cl)c4)c3c2)c2ccc(F)c(Cl)c2)cc1,CHEMBL133024;CHEMBL136491;CHEMBL137364;CHEMBL302552;CHEMBL304271;CHEMBL443268;CHEMBL68920;CHEMBL69960;CHEMBL76589,BRICS,VALID,0.152,-8.333,1,True,547.42,8.066,2,6,8
GEN_F994155B,O=[N+]([O-])c1cc(N(CC/N=N/Nc2ccc3ncnc(-c4cccc(Cl)c4)c3c2)c2ccc(F)c(Cl)c2)ccc1O,CHEMBL133024;CHEMBL136491;CHEMBL137364;CHEMBL302552;CHEMBL304271;CHEMBL309625;CHEMBL443268;CHEMBL68920;CHEMBL69960,BRICS,VALID,0.101,-8.448,1,True,592.42,7.974,2,8,9
GEN_A3A9FAB5,O=[N+]([O-])c1ccc(O)cc1N(CC/N=N/Nc1ccc2ncnc(-c3cccc(Cl)c3)c2c1)c1ccc(F)c(Cl)c1,CHEMBL133024;CHEMBL136491;CHEMBL137364;CHEMBL302552;CHEMBL304271;CHEMBL443268;CHEMBL68920;CHEMBL69960;CHEMBL77085,BRICS,VALID,0.101,-8.448,1,True,592.42,7.974,2,8,9
GEN_C847B289,Cc1cccc(N(CC/N=N/Nc2ccc3ncnc(-c4cccc(Cl)c4)c3c2)c2ccc(F)c(Cl)c2)c1,CHEMBL133024;CHEMBL136491;CHEMBL137364;CHEMBL302552;CHEMBL304271;CHEMBL336113;CHEMBL443268;CHEMBL68920;CHEMBL69960,BRICS,VALID,0.157,-8.7,1,True,545.45,8.669,1,5,8
GEN_0338A973,C/N=N/Nc1ccc2ncnc(N(CC/N=N/Nc3ccc4ncnc(-c5cccc(Cl)c5)c4c3)c3ccc(F)c(Cl)c3)c2c1,CHEMBL133024;CHEMBL135592;CHEMBL136491;CHEMBL137364;CHEMBL302552;CHEMBL304271;CHEMBL443268;CHEMBL68920;CHEMBL69960,BRICS,VALID,0.113,-9.166,1,True,640.51,8.712,2,9,10
GEN_E60B2261,Fc1ccc(N(CC/N=N/Nc2ccc3ncnc(-c4cccc(Cl)c4)c3c2)c2ccccn2)cc1Cl,CHEMBL133024;CHEMBL136491;CHEMBL137364;CHEMBL137635;CHEMBL138125;CHEMBL302552;CHEMBL304271;CHEMBL443268;CHEMBL68920;CHEMBL69960,BRICS,VALID,0.163,-8.059,1,True,532.41,7.755,1,6,8
GEN_DD73D2F8,CCN(CC/N=N/Nc1ccc2ncnc(-c3cccc(Cl)c3)c2c1)c1ccc(F)c(Cl)c1,CHEMBL133024;CHEMBL136491;CHEMBL137364;CHEMBL302552;CHEMBL304271;CHEMBL443268;CHEMBL68920;CHEMBL69960,BRICS,VALID,0.216,-7.243,1,True,483.38,7.048,1,5,8
GEN_9BF883B3,Oc1ccc(N(CC/N=N/Nc2ccc3ncnc(-c4cccc(Cl)c4)c3c2)c2ccccn2)cc1,CHEMBL133024;CHEMBL136491;CHEMBL137364;CHEMBL137635;CHEMBL138125;CHEMBL304271;CHEMBL76589,BRICS,VALID,0.184,-7.164,1,True,495.97,6.668,2,7,8
GEN_C47611F0,O=[N+]([O-])c1cc(N(CC/N=N/Nc2ccc3ncnc(-c4cccc(Cl)c4)c3c2)c2ccccn2)ccc1O,CHEMBL133024;CHEMBL136491;CHEMBL137364;CHEMBL137635;CHEMBL138125;CHEMBL304271;CHEMBL309625,BRICS,VALID,0.121,-7.274,1,True,540.97,6.576,2,9,9
GEN_64D95242,O=[N+]([O-])c1ccc(O)cc1N(CC/N=N/Nc1ccc2ncnc(-c3cccc(Cl)c3)c2c1)c1ccccn1,CHEMBL133024;CHEMBL136491;CHEMBL137364;CHEMBL137635;CHEMBL138125;CHEMBL304271;CHEMBL77085,BRICS,VALID,0.121,-7.274,1,True,540.97,6.576,2,9,9
GEN_6623AA68,Cc1cccc(N(CC/N=N/Nc2ccc3ncnc(-c4cccc(Cl)c4)c3c2)c2ccccn2)c1,CHEMBL133024;CHEMBL136491;CHEMBL137364;CHEMBL137635;CHEMBL138125;CHEMBL304271;CHEMBL336113,BRICS,VALID,0.181,-7.531,1,True,494.0,7.271,1,6,8
GEN_CED62A78,C/N=N/Nc1ccc2ncnc(N(CC/N=N/Nc3ccc4ncnc(-c5cccc(Cl)c5)c4c3)c3ccccn3)c2c1,CHEMBL133024;CHEMBL135592;CHEMBL136491;CHEMBL137364;CHEMBL137635;CHEMBL138125;CHEMBL304271,BRICS,VALID,0.125,-7.991,1,True,589.07,7.315,2,10,10
GEN_A0C80EC7,CCN(CC/N=N/Nc1ccc2ncnc(-c3cccc(Cl)c3)c2c1)c1ccccn1,CHEMBL133024;CHEMBL136491;CHEMBL137364;CHEMBL137635;CHEMBL138125;CHEMBL304271,BRICS,VALID,0.288,-6.075,1,True,431.93,5.651,1,6,8
GEN_4E3F9F71,Cc1cccc(N(CC/N=N/Nc2ccc3ncnc(-c4cccc(Cl)c4)c3c2)c2ccc(O)cc2)c1,CHEMBL133024;CHEMBL136491;CHEMBL137364;CHEMBL304271;CHEMBL336113;CHEMBL76589,BRICS,VALID,0.166,-7.804,1,True,509.01,7.582,2,6,8
GEN_3E5B38EC,Cc1cccc(N(CC/N=N/Nc2ccc3ncnc(-c4cccc(Cl)c4)c3c2)c2ccc(O)c([N+](=O)[O-])c2)c1,CHEMBL133024;CHEMBL136491;CHEMBL137364;CHEMBL304271;CHEMBL309625;CHEMBL336113,BRICS,VALID,0.11,-7.917,1,True,554.01,7.49,2,8,9
GEN_B0262922,Cc1cccc(N(CC/N=N/Nc2ccc3ncnc(-c4cccc(Cl)c4)c3c2)c2cc(O)ccc2[N+](=O)[O-])c1,CHEMBL133024;CHEMBL136491;CHEMBL137364;CHEMBL304271;CHEMBL336113;CHEMBL77085,BRICS,VALID,0.11,-7.917,1,True,554.01,7.49,2,8,9
GEN_C88F1BCD,C/N=N/Nc1ccc2ncnc(N(CC/N=N/Nc3ccc4ncnc(-c5cccc(Cl)c5)c4c3)c3cccc(C)c3)c2c1,CHEMBL133024;CHEMBL135592;CHEMBL136491;CHEMBL137364;CHEMBL304271;CHEMBL336113,BRICS,VALID,0.119,-8.635,1,True,602.11,8.228,2,9,10
GEN_C0714A2B,CCN(CC/N=N/Nc1ccc2ncnc(-c3cccc(Cl)c3)c2c1)c1cccc(C)c1,CHEMBL133024;CHEMBL136491;CHEMBL137364;CHEMBL304271;CHEMBL336113,BRICS,VALID,0.246,-6.715,1,True,444.97,6.564,1,5,8
GEN_B871507F,C/N=N/Nc1ccc2ncnc(N(CC/N=N/Nc3ccc4ncnc(-c5cccc(Cl)c5)c4c3)c3ccc(O)c([N+](=O)[O-])c3)c2c1,CHEMBL133024;CHEMBL135592;CHEMBL136491;CHEMBL137364;CHEMBL304271;CHEMBL309625,BRICS,VALID,0.072,-8.388,1,True,649.08,7.534,3,12,11
GEN_4DC7096D,CCN(CC/N=N/Nc1ccc2ncnc(-c3cccc(Cl)c3)c2c1)c1ccc(O)c([N+](=O)[O-])c1,CHEMBL133024;CHEMBL136491;CHEMBL137364;CHEMBL304271;CHEMBL309625,BRICS,VALID,0.17,-6.459,1,True,491.94,5.87,2,8,9
GEN_473F3BB6,Oc1ccc(N(CC/N=N/Nc2ccc3ncnc(-c4cccc(Cl)c4)c3c2)c2cccc(Cl)c2)cc1O,CHEMBL133024;CHEMBL136491;CHEMBL137364;CHEMBL296407;CHEMBL304271;CHEMBL76904,BRICS,VALID,0.105,-8.047,2,True,545.43,7.632,3,7,8
GEN_FDBA9B36,Clc1cccc(-c2ncnc3ccc(N/N=N/CCN(c4ccccc4)c4cccc(Cl)c4)cc23)c1,CHEMBL133024;CHEMBL135592;CHEMBL136491;CHEMBL137364;CHEMBL137635;CHEMBL304271;CHEMBL344652,BRICS,VALID,0.168,-8.25,1,True,513.43,8.221,1,5,8
GEN_F7BD0610,Nc1ccc2ncnc(N(CC/N=N/Nc3ccc4ncnc(-c5cccc(Cl)c5)c4c3)c3cccc(Cl)c3)c2c1,CHEMBL133024;CHEMBL136491;CHEMBL137364;CHEMBL304271;CHEMBL336113,BRICS,VALID,0.107,-8.369,1,True,580.48,7.746,2,8,8
GEN_B96C7ED8,C/N=N/Nc1ccc2ncnc(N(CC/N=N/Nc3ccc4ncnc(-c5cccc(Cl)c5)c4c3)c3ccc(O)cc3)c2c1,CHEMBL133024;CHEMBL135592;CHEMBL136491;CHEMBL137364;CHEMBL304271;CHEMBL76589,BRICS,VALID,0.107,-8.267,1,True,604.08,7.625,3,10,10
GEN_230ECD40,CCN(CC/N=N/Nc1ccc2ncnc(-c3cccc(Cl)c3)c2c1)c1ccc(O)cc1,CHEMBL133024;CHEMBL136491;CHEMBL137364;CHEMBL304271;CHEMBL76589,BRICS,VALID,0.257,-6.347,1,True,446.94,5.961,2,6,8
GEN_FAFF80B2,C/N=N/Nc1ccc2ncnc(N(CC/N=N/Nc3ccc4ncnc(-c5cccc(Cl)c5)c4c3)c3cc(O)ccc3[N+](=O)[O-])c2c1,CHEMBL133024;CHEMBL135592;CHEMBL136491;CHEMBL137364;CHEMBL304271;CHEMBL77085,BRICS,VALID,0.072,-8.388,1,True,649.08,7.534,3,12,11
GEN_B811F951,C/N=N/Nc1ccc2ncnc(N(CC/N=N/Nc3ccc4ncnc(-c5cccc(Cl)c5)c4c3)c3ncnc4ccc(N)cc34)c2c1,CHEMBL133024;CHEMBL135592;CHEMBL136491;CHEMBL137364;CHEMBL304271;CHEMBL336113,BRICS,VALID,0.076,-8.487,1,True,655.13,7.445,3,12,10
GEN_FFAB600B,CCN(CC/N=N/Nc1ccc2ncnc(-c3cccc(Cl)c3)c2c1)c1ncnc2ccc(N/N=N/C)cc12,CHEMBL133024;CHEMBL135592;CHEMBL136491;CHEMBL137364;CHEMBL304271,BRICS,VALID,0.151,-7.185,1,True,540.04,6.608,2,9,10
GEN_FE726763,CCN(CC/N=N/Nc1ccc2ncnc(-c3cccc(Cl)c3)c2c1)c1cc(O)c(O)c(O)c1,CHEMBL133024;CHEMBL136491;CHEMBL137364;CHEMBL304271;CHEMBL310798,BRICS,VALID,0.152,-6.145,2,True,478.94,5.373,4,8,8
GEN_6638452D,Nc1ccc2ncnc(N(CC/N=N/Nc3ccc4ncnc(-c5cccc(Cl)c5)c4c3)c3ccc(O)c(O)c3)c2c1,CHEMBL133024;CHEMBL136491;CHEMBL137364;CHEMBL296407;CHEMBL304271;CHEMBL336113;CHEMBL76904,BRICS,VALID,0.068,-7.557,2,True,578.04,6.504,4,10,8
GEN_4C014EB2,CCN(CC/N=N/Nc1ccc2ncnc(-c3cccc(Cl)c3)c2c1)c1cc(O)ccc1[N+](=O)[O-],CHEMBL133024;CHEMBL136491;CHEMBL137364;CHEMBL304271;CHEMBL77085,BRICS,VALID,0.17,-6.459,1,True,491.94,5.87,2,8,9
GEN_8E73C468,CCN(CC)CC/N=N/Nc1ccc2ncnc(-c3cccc(Cl)c3)c2c1,CHEMBL133024;CHEMBL136491;CHEMBL137364;CHEMBL304271,BRICS,VALID,0.436,-5.319,1,True,382.9,5.071,1,5,8
GEN_7901C2AD,CN(C)/N=N/c1ccc2ncnc(N(C)CC/N=N/Nc3ccc4ncnc(-c5cccc(Cl)c5)c4c3)c2c1,CHEMBL133024;CHEMBL135592;CHEMBL136491;CHEMBL137364;CHEMBL137635;CHEMBL344652,BRICS,VALID,0.171,-7.1,1,True,540.04,6.369,1,9,9
GEN_3E2FDBAE,Cc1cc(C)c(N(C)CC/N=N/Nc2ccc3ncnc(-c4cccc(Cl)c4)c3c2)[nH]1,CHEMBL133024;CHEMBL135592;CHEMBL136491;CHEMBL137364;CHEMBL137635;CHEMBL344652;CHEMBL68920,BRICS,VALID,0.284,-6.23,1,True,433.95,5.811,2,5,7
GEN_40C65797,C/N=N/Nc1ccc2ncnc(N(C)CC/N=N/Nc3ccc4ncnc(-c5cccc(Cl)c5)c4c3)c2c1,CHEMBL133024;CHEMBL135592;CHEMBL136491;CHEMBL137364;CHEMBL137635;CHEMBL344652,BRICS,VALID,0.173,-6.931,1,True,526.01,6.218,2,9,9
GEN_BE3DE4B5,CN(CC/N=N/Nc1ccc2ncnc(-c3cccc(Cl)c3)c2c1)c1ccccn1,CHEMBL133024;CHEMBL135592;CHEMBL136491;CHEMBL137364;CHEMBL137635;CHEMBL138125;CHEMBL344652,BRICS,VALID,0.327,-5.826,1,True,417.9,5.261,1,6,7
GEN_32B6EEA4,CN(CC/N=N/Nc1ccc2ncnc(-c3cccc(Cl)c3)c2c1)c1ccc(O)cc1,CHEMBL133024;CHEMBL135592;CHEMBL136491;CHEMBL137364;CHEMBL137635;CHEMBL344652;CHEMBL76589,BRICS,VALID,0.294,-6.097,1,True,432.92,5.571,2,6,7
GEN_3C0D9615,CN(CC/N=N/Nc1ccc2ncnc(-c3cccc(Cl)c3)c2c1)c1ccc(O)c(O)c1,CHEMBL133024;CHEMBL135592;CHEMBL136491;CHEMBL137364;CHEMBL137635;CHEMBL296407;CHEMBL344652;CHEMBL76904,BRICS,VALID,0.202,-5.994,2,True,448.91,5.277,3,7,7
GEN_6089E2AA,CN(CC/N=N/Nc1ccc2ncnc(-c3cccc(Cl)c3)c2c1)c1cccc(Cl)c1,CHEMBL133024;CHEMBL135592;CHEMBL136491;CHEMBL137364;CHEMBL137635;CHEMBL344652,BRICS,VALID,0.257,-6.809,1,True,451.36,6.519,1,5,7
GEN_0E07CBD5,CN(CC/N=N/Nc1ccc2ncnc(-c3cccc(Cl)c3)c2c1)c1ccc(O)c([N+](=O)[O-])c1,CHEMBL133024;CHEMBL135592;CHEMBL136491;CHEMBL137364;CHEMBL137635;CHEMBL309625;CHEMBL344652,BRICS,VALID,0.195,-6.206,1,True,477.91,5.48,2,8,8
GEN_A33462F6,CN(CC/N=N/Nc1ccc2ncnc(-c3cccc(Cl)c3)c2c1)c1cc(O)ccc1[N+](=O)[O-],CHEMBL133024;CHEMBL135592;CHEMBL136491;CHEMBL137364;CHEMBL137635;CHEMBL344652;CHEMBL77085,BRICS,VALID,0.195,-6.206,1,True,477.91,5.48,2,8,8
GEN_081366E4,CCN(C)CC/N=N/Nc1ccc2ncnc(-c3cccc(Cl)c3)c2c1,CHEMBL133024;CHEMBL135592;CHEMBL136491;CHEMBL137364;CHEMBL137635;CHEMBL304271;CHEMBL344652,BRICS,VALID,0.485,-5.069,1,True,368.87,4.681,1,5,7
GEN_000D5F69,Cc1cc(C)c(C/N=N/Nc2ccc3ncnc(N(C)CC/N=N/Nc4ccc5ncnc(-c6cccc(Cl)c6)c5c4)c3c2)[nH]1,CHEMBL133024;CHEMBL135592;CHEMBL136491;CHEMBL137364;CHEMBL137635;CHEMBL138125;CHEMBL344652;CHEMBL68920,BRICS,VALID,0.099,-8.334,1,True,619.14,7.733,3,9,11
GEN_FA683CC5,CN(CC/N=N/Nc1ccc2ncnc(-c3cccc(Cl)c3)c2c1)c1ncnc2ccc(N/N=N/Cc3ccccn3)cc12,CHEMBL133024;CHEMBL135592;CHEMBL136491;CHEMBL137364;CHEMBL137635;CHEMBL138125;CHEMBL344652,BRICS,VALID,0.117,-7.917,1,True,603.09,7.183,2,10,11
GEN_FF1714D4,CN(CC/N=N/Nc1ccc2ncnc(-c3cccc(Cl)c3)c2c1)c1ncnc2ccc(N/N=N/Cc3ncnc4ccc(N)cc34)cc12,CHEMBL133024;CHEMBL135592;CHEMBL136491;CHEMBL137364;CHEMBL137635;CHEMBL138125;CHEMBL336113;CHEMBL344652,BRICS,VALID,0.072,-8.414,1,True,669.16,7.314,3,12,11
GEN_0CFDDCE5,CN(CC/N=N/Nc1ccc2ncnc(-c3cccc(Cl)c3)c2c1)c1ncnc2ccc(N/N=N/Cc3ccc(O)cc3)cc12,CHEMBL133024;CHEMBL135592;CHEMBL136491;CHEMBL137364;CHEMBL137635;CHEMBL138125;CHEMBL344652;CHEMBL76589,BRICS,VALID,0.1,-8.194,1,True,618.11,7.494,3,10,11
GEN_C875707A,CN(CC/N=N/Nc1ccc2ncnc(-c3cccc(Cl)c3)c2c1)c1ncnc2ccc(N/N=N/Cc3ccc(O)c([N+](=O)[O-])c3)cc12,CHEMBL133024;CHEMBL135592;CHEMBL136491;CHEMBL137364;CHEMBL137635;CHEMBL138125;CHEMBL309625;CHEMBL344652,BRICS,VALID,0.068,-8.316,1,True,663.1,7.402,3,12,12
GEN_45456573,CN(CC/N=N/Nc1ccc2ncnc(-c3cccc(Cl)c3)c2c1)c1ncnc2ccc(N/N=N/Cc3ccc(F)c(Cl)c3)cc12,CHEMBL133024;CHEMBL135592;CHEMBL136491;CHEMBL137364;CHEMBL137635;CHEMBL138125;CHEMBL302552;CHEMBL304271;CHEMBL344652;CHEMBL443268;CHEMBL68920;CHEMBL69960,BRICS,VALID,0.106,-9.093,1,True,654.54,8.581,2,9,11
GEN_2B741DB4,CN(CC/N=N/Nc1ccc2ncnc(-c3cccc(Cl)c3)c2c1)c1ncnc2ccc(N/N=N/Cc3cc(O)ccc3[N+](=O)[O-])cc12,CHEMBL133024;CHEMBL135592;CHEMBL136491;CHEMBL137364;CHEMBL137635;CHEMBL138125;CHEMBL344652;CHEMBL77085,BRICS,VALID,0.068,-8.316,1,True,663.1,7.402,3,12,12
GEN_E85AE97E,Cc1cccc(C/N=N/Nc2ccc3ncnc(N(C)CC/N=N/Nc4ccc5ncnc(-c6cccc(Cl)c6)c5c4)c3c2)c1,CHEMBL133024;CHEMBL135592;CHEMBL136491;CHEMBL137364;CHEMBL137635;CHEMBL138125;CHEMBL336113;CHEMBL344652,BRICS,VALID,0.111,-8.561,1,True,616.13,8.097,2,9,11
GEN_7FA3D5A8,CN(CC/N=N/Nc1ccc2ncnc(-c3cccc(Cl)c3)c2c1)c1ncnc2ccc(N/N=N/Cc3cccc(Br)c3)cc12,CHEMBL133024;CHEMBL135592;CHEMBL136491;CHEMBL137364;CHEMBL137635;CHEMBL138125;CHEMBL344652,BRICS,VALID,0.104,-9.249,1,True,681.0,8.551,2,9,11
GEN_F4424997,CN(CC/N=N/Nc1ccc2ncnc(-c3cccc(Cl)c3)c2c1)c1ncnc2ccc(N/N=N/CCN3CCOCC3)cc12,CHEMBL133024;CHEMBL135592;CHEMBL136491;CHEMBL137364;CHEMBL137635;CHEMBL302552;CHEMBL344652;CHEMBL443268;CHEMBL69960,BRICS,VALID,0.128,-7.081,1,True,625.14,5.92,2,11,12
GEN_C9C2475C,CN(C)/N=N/c1ccc2ncnc(-c3ccc(N(C)CC/N=N/Nc4ccc5ncnc(-c6cccc(Cl)c6)c5c4)[nH]3)c2c1,CHEMBL133024;CHEMBL135592;CHEMBL136491;CHEMBL137364;CHEMBL137635;CHEMBL302552;CHEMBL344652,BRICS,VALID,0.123,-8.093,1,True,605.11,7.364,2,9,10
GEN_70D2940E,Cc1cc(C)c(-c2ccc(N(C)CC/N=N/Nc3ccc4ncnc(-c5cccc(Cl)c5)c4c3)[nH]2)[nH]1,CHEMBL133024;CHEMBL135592;CHEMBL136491;CHEMBL137364;CHEMBL137635;CHEMBL302552;CHEMBL344652;CHEMBL68920,BRICS,VALID,0.162,-7.228,1,True,499.02,6.806,3,5,8
GEN_2874296C,C/N=N/Nc1ccc2ncnc(-c3ccc(N(C)CC/N=N/Nc4ccc5ncnc(-c6cccc(Cl)c6)c5c4)[nH]3)c2c1,CHEMBL133024;CHEMBL135592;CHEMBL136491;CHEMBL137364;CHEMBL137635;CHEMBL302552;CHEMBL344652,BRICS,VALID,0.113,-7.922,1,True,591.08,7.213,3,9,10
GEN_5BA4001A,CN(CC/N=N/Nc1ccc2ncnc(-c3cccc(Cl)c3)c2c1)c1ccc(-c2ccccn2)[nH]1,CHEMBL133024;CHEMBL135592;CHEMBL136491;CHEMBL137364;CHEMBL137635;CHEMBL138125;CHEMBL302552;CHEMBL344652,BRICS,VALID,0.201,-6.818,1,True,482.98,6.256,2,6,8
GEN_35DBA7E3,CN(CC/N=N/Nc1ccc2ncnc(-c3cccc(Cl)c3)c2c1)c1ccc(-c2ccc(O)cc2)[nH]1,CHEMBL133024;CHEMBL135592;CHEMBL136491;CHEMBL137364;CHEMBL137635;CHEMBL302552;CHEMBL344652;CHEMBL76589,BRICS,VALID,0.166,-7.091,1,True,497.99,6.566,3,6,8
GEN_180FAA09,CN(CC/N=N/Nc1ccc2ncnc(-c3cccc(Cl)c3)c2c1)c1ccc(-c2ccc(O)c([N+](=O)[O-])c2)[nH]1,CHEMBL133024;CHEMBL135592;CHEMBL136491;CHEMBL137364;CHEMBL137635;CHEMBL302552;CHEMBL309625;CHEMBL344652,BRICS,VALID,0.11,-7.204,1,True,542.99,6.475,3,8,9
GEN_57E4DFD1,CN(CC/N=N/Nc1ccc2ncnc(-c3cccc(Cl)c3)c2c1)c1ccc(-c2ccc(F)c(Cl)c2)[nH]1,CHEMBL133024;CHEMBL135592;CHEMBL136491;CHEMBL137364;CHEMBL137635;CHEMBL302552;CHEMBL304271;CHEMBL344652;CHEMBL443268;CHEMBL68920;CHEMBL69960,BRICS,VALID,0.158,-7.987,1,True,534.43,7.653,2,5,8
GEN_D35D07B2,CN(CC/N=N/Nc1ccc2ncnc(-c3cccc(Cl)c3)c2c1)c1ccc(-c2cc(O)ccc2[N+](=O)[O-])[nH]1,CHEMBL133024;CHEMBL135592;CHEMBL136491;CHEMBL137364;CHEMBL137635;CHEMBL302552;CHEMBL344652;CHEMBL77085,BRICS,VALID,0.11,-7.204,1,True,542.99,6.475,3,8,9
GEN_096E34DA,Cc1cccc(-c2ccc(N(C)CC/N=N/Nc3ccc4ncnc(-c5cccc(Cl)c5)c4c3)[nH]2)c1,CHEMBL133024;CHEMBL135592;CHEMBL136491;CHEMBL137364;CHEMBL137635;CHEMBL302552;CHEMBL336113;CHEMBL344652,BRICS,VALID,0.176,-7.459,1,True,496.02,7.169,2,5,8
GEN_D8659565,CN(CC/N=N/Nc1ccc2ncnc(-c3cccc(Cl)c3)c2c1)c1ccc(-c2cccc(Br)c2)[nH]1,CHEMBL133024;CHEMBL135592;CHEMBL136491;CHEMBL137364;CHEMBL137635;CHEMBL138125;CHEMBL302552;CHEMBL344652,BRICS,VALID,0.151,-8.147,1,True,560.89,7.623,2,5,8
GEN_362C4B04,CN(CC/N=N/Nc1ccc2ncnc(-c3cccc(Cl)c3)c2c1)c1ccc(N2CCOCC2)[nH]1,CHEMBL133024;CHEMBL135592;CHEMBL136491;CHEMBL137364;CHEMBL137635;CHEMBL302552;CHEMBL344652;CHEMBL443268;CHEMBL69960,BRICS,VALID,0.266,-5.969,1,True,491.0,5.03,2,7,8
GEN_841C0076,CN(CC/N=N/Nc1ccc2ncnc(-c3cccc(Cl)c3)c2c1)c1ncnc2c1C(=C(C#N)C(N)=O)C(=O)N2C,CHEMBL133024;CHEMBL135592;CHEMBL136491;CHEMBL137364;CHEMBL137635;CHEMBL296407;CHEMBL344652;CHEMBL443268,BRICS,VALID,0.14,-5.369,1,True,568.0,3.395,2,10,8
GEN_C2A31210,CN(CC/N=N/Nc1ccc2ncnc(-c3cccc(Cl)c3)c2c1)CCN1CCOCC1,CHEMBL133024;CHEMBL135592;CHEMBL136491;CHEMBL137364;CHEMBL137635;CHEMBL302552;CHEMBL344652;CHEMBL443268;CHEMBL69960,BRICS,VALID,0.39,-4.946,1,True,453.98,3.993,1,7,9
GEN_7CF10378,CN(CC/N=N/Nc1ccc2ncnc(-c3cccc(Cl)c3)c2c1)c1ncnc2c1C(=C(C#N)C(N)=O)C(=O)N2,CHEMBL133024;CHEMBL135592;CHEMBL136491;CHEMBL137364;CHEMBL137635;CHEMBL296407;CHEMBL302552;CHEMBL304271;CHEMBL344652;CHEMBL68920;CHEMBL69960,BRICS,VALID,0.127,-5.277,1,True,553.97,3.37,3,10,8
GEN_33D9F022,CN(CC/N=N/Nc1ccc2ncnc(-c3cccc(Cl)c3)c2c1)CC/N=N/Nc1ccc2ncnc(-c3ncnc4ccc(/N=N/N(C)C)cc34)c2c1,CHEMBL133024;CHEMBL135592;CHEMBL136491;CHEMBL137364;CHEMBL137635;CHEMBL344652,BRICS,VALID,0.081,-9.193,1,True,739.25,8.254,2,13,14
GEN_E17BD3B9,Cc1cc(C)c(-c2ncnc3ccc(N/N=N/CCN(C)CC/N=N/Nc4ccc5ncnc(-c6cccc(Cl)c6)c5c4)cc23)[nH]1,CHEMBL133024;CHEMBL135592;CHEMBL136491;CHEMBL137364;CHEMBL137635;CHEMBL344652;CHEMBL68920,BRICS,VALID,0.093,-8.321,1,True,633.16,7.696,3,9,12
GEN_406DAAC6,C/N=N/Nc1ccc2ncnc(-c3ncnc4ccc(N/N=N/CCN(C)CC/N=N/Nc5ccc6ncnc(-c7cccc(Cl)c7)c6c5)cc34)c2c1,CHEMBL133024;CHEMBL135592;CHEMBL136491;CHEMBL137364;CHEMBL137635;CHEMBL344652,BRICS,VALID,0.073,-9.02,1,True,725.23,8.103,3,13,14
GEN_54957504,CN(CC/N=N/Nc1ccc2ncnc(-c3cccc(Cl)c3)c2c1)CC/N=N/Nc1ccc2ncnc(-c3ccccn3)c2c1,CHEMBL133024;CHEMBL135592;CHEMBL136491;CHEMBL137364;CHEMBL137635;CHEMBL138125;CHEMBL344652,BRICS,VALID,0.109,-7.902,1,True,617.12,7.146,2,10,12
GEN_8CB97FEF,CN(CC/N=N/Nc1ccc2ncnc(-c3ccc(O)cc3)c2c1)CC/N=N/Nc1ccc2ncnc(-c3cccc(Cl)c3)c2c1,CHEMBL133024;CHEMBL135592;CHEMBL136491;CHEMBL137364;CHEMBL137635;CHEMBL344652;CHEMBL76589,BRICS,VALID,0.093,-8.179,1,True,632.13,7.456,3,10,12
GEN_3AC470ED,CN(CC/N=N/Nc1ccc2ncnc(-c3cccc(Cl)c3)c2c1)CC/N=N/Nc1ccc2ncnc(-c3ccc(O)c([N+](=O)[O-])c3)c2c1,CHEMBL133024;CHEMBL135592;CHEMBL136491;CHEMBL137364;CHEMBL137635;CHEMBL309625;CHEMBL344652,BRICS,VALID,0.063,-8.303,1,True,677.13,7.364,3,12,13
GEN_1AA4C17E,CN(CC/N=N/Nc1ccc2ncnc(-c3cccc(Cl)c3)c2c1)CC/N=N/Nc1ccc2ncnc(-c3ccc(F)c(Cl)c3)c2c1,CHEMBL133024;CHEMBL135592;CHEMBL136491;CHEMBL137364;CHEMBL137635;CHEMBL302552;CHEMBL304271;CHEMBL344652;CHEMBL443268;CHEMBL68920;CHEMBL69960,BRICS,VALID,0.099,-9.079,1,True,668.57,8.543,2,9,12
GEN_0356734D,CN(CC/N=N/Nc1ccc2ncnc(-c3cccc(Cl)c3)c2c1)CC/N=N/Nc1ccc2ncnc(-c3cc(O)ccc3[N+](=O)[O-])c2c1,CHEMBL133024;CHEMBL135592;CHEMBL136491;CHEMBL137364;CHEMBL137635;CHEMBL344652;CHEMBL77085,BRICS,VALID,0.063,-8.303,1,True,677.13,7.364,3,12,13
